T_index,B_r,B_t,B_p,E_r,E_t,E_p,N_pts_within_FF_region,E_pts_chngd,pct_E_pts_chngd,stdev_B_r,stdev_E_r,stdev_B_t,stdev_E_t,stdev_B_p,stdev_E_p,max_abs_rel_dev_B_r,max_abs_rel_dev_E_r,max_abs_rel_dev_B_t,max_abs_rel_dev_E_t,max_abs_rel_dev_B_p,max_abs_rel_dev_E_p,B_outer_BCs_difference_t,E_outer_BCs_difference_t,B_outer_BCs_difference_p,E_outer_BCs_difference_p,nans_B_r,nans_E_r,nans_B_t,nans_E_t,nans_B_p,nans_E_p,nans_tot,total_electric_energy,total_magnetic_energy,total_energy,normalised_B_div_volume_integral
0,0.00807089357348429,0.00404814447264313,0,0,0,0,0,0,nan,2.20306295057206e-05,0,6.15559540035498e-11,0,0,0,0.000259027174121074,0,1.66039929583306e-08,0,0,0,0,0,0,0,0,0,0,0,0,0,0,0,4.56634671797603,4.56634671797603,1.88484521320713e-15
1,0.00807089357348429,0.00404814447264313,0,9.85778658453384e-06,-1.96537319583227e-05,-9.26706685848295e-10,50050,2,0,2.20306295057206e-05,3.62526992360247e-12,6.1555940046298e-11,2.44891764888194e-10,3.28675543360111e-16,1.72325318818791e-10,0.000259027174121074,0.465043368253263,1.66039929583306e-08,0.813072704493535,2.00862497745646e-08,0.000158897886210596,-0.000353026065073989,-0.000353026065073989,-3.07261547532351e-06,-3.07261547532351e-06,0,0,0,0,0,0,0,1.19157345347518e-05,4.56631760087359,4.56632951660812,6.70091070336927e-15
2,0.00807089357734321,0.0040481444749368,-5.92548610270297e-15,1.97155731760832e-05,-3.93074639271548e-05,-1.81461060004034e-09,50050,2,0,2.20306335647716e-05,1.31894988820369e-10,1.05608947678674e-10,4.93202071494726e-10,1.45928888149166e-10,5.24561785499814e-10,0.000259027174132176,134.553297035138,2.6681075485202e-05,0.802224782424284,1.12551455490247,0.00016310629261107,2.36459054695414e-05,2.36459054695414e-05,-2.88860114574751e-06,-2.88860114574751e-06,0,0,0,0,0,0,0,1.94455740804327e-05,4.56631705211209,4.56633649768617,2.30087429720254e-11
3,0.00807089358393963,0.00404814447871901,-1.55517698206113e-14,2.95733597809111e-05,-5.89611959157559e-05,-2.57715959764057e-09,50050,4,0,2.20306403256421e-05,4.41330186019276e-10,3.10100644846946e-10,1.69152033545769e-09,3.93700070575337e-10,1.21401403539861e-09,0.000259027174151716,354.716457653687,9.47316717514468e-05,0.809043457022603,1.12560354808965,0.00035998160855244,9.22015296089205e-06,9.22015296089205e-06,-2.78600847320878e-06,-2.78600847320878e-06,0,0,0,0,0,0,0,3.20251402524416e-05,4.56631692592724,4.56634895106749,8.19120718906201e-11
4,0.00807089359368918,0.00404814448388554,-2.8249681297376e-14,3.9431146400624e-05,-7.86149279331011e-05,-3.18418391354687e-09,50050,4,0,2.20306497667491e-05,8.58930285671032e-10,7.52475629224084e-10,2.94685214762234e-09,1.08635080605193e-09,2.38469655072028e-09,0.00025902717418036,582.222602027026,0.000227006557134812,0.823402289701978,1.12571886945031,0.000659129288626437,1.56494254697996e-05,1.56494254697996e-05,-2.67180539607968e-06,-2.67180539607968e-06,0,0,0,0,0,0,0,4.96542778411939e-05,4.5663170604791,4.56636671475694,2.68963307783961e-11
5,0.00807089360691739,0.00404814449035573,-4.35318548259912e-14,4.92889330356204e-05,-9.82686599898644e-05,-3.58381277816197e-09,50050,328,0.7,2.20306618800942e-05,0.0153411272285486,1.55455890427411e-09,0.0244494449946738,2.17798110007228e-09,4.35852235287346e-09,0.000259027174215221,22918873.6628211,0.000442454505167333,418.99383302025,1.12586242794419,0.476351575316607,1.53478826773642e-05,1.53478826773642e-05,-2.56320752187836e-06,-2.56320752187836e-06,0,0,0,0,0,0,0,0.560483117102143,4.56631749894921,5.12680061605135,-2.00211196462827e-10
6,0.00807089362415943,0.00404814449799608,-6.05979276955185e-14,5.91467196826472e-05,-0.000117922392098522,-3.72419917850911e-09,50050,442,0.9,2.20306766428995e-05,0.0156512134653968,2.84082194255706e-09,0.0258759570909592,4.11311764822947e-09,1.0505703218563e-07,0.000259027174258963,14776955.4512672,0.000761071970914573,241.924938695297,1.1260352306825,19.4398638881863,1.51736998019649e-05,1.51736998019649e-05,-2.455683209446e-06,-2.455683209446e-06,0,0,0,0,0,0,0,0.744458955243837,4.56633221283663,5.31079116808047,-1.48834784449714e-10
7,0.00807089364604522,0.00404814450664968,-7.85139443498665e-14,6.90045063342091e-05,-0.000137576124273662,-3.55349811406945e-09,50050,482,1,2.20306927268657e-05,0.0157419922782518,4.78868136399135e-09,0.0262268353587649,7.72154390824695e-09,5.620728294735e-08,0.00025902717430315,74531694.5374562,0.00120687724257018,297.987986395714,1.12623752148678,14.3256723734932,1.49765441422898e-05,1.49765441422898e-05,-2.34957452118302e-06,-2.34957452118302e-06,0,0,0,0,0,0,0,0.803289505445498,4.56634795917786,5.36963746462336,2.36834970302204e-10
8,0.00807089367331917,0.00404814451613106,-9.61857534862153e-14,7.88622929776868e-05,-0.000157229856532389,-3.01986619154464e-09,50050,557,1.1,2.20307141724356e-05,0.0152166039867939,7.56208920222145e-09,0.0244493626757673,1.27717610808572e-08,1.10072675798019e-07,0.000259027174380644,5839277.43935913,0.00179959291571952,218.959520754755,1.12641749580496,12.4582495874099,1.47754642899871e-05,1.47754642899871e-05,-2.24469220527017e-06,-2.24469220527017e-06,0,0,0,0,0,0,0,0.918911105448023,4.56637719367641,5.48528829912443,5.60674020555631e-11
9,0.00807089370684025,0.00404814452622622,-1.1236395826567e-13,8.8720079594489e-05,-0.00017688358889472,-2.07146210975181e-09,50050,588,1.2,2.20307373380787e-05,0.015534884565679,1.13751714458347e-08,0.0246105728914247,1.97581875842117e-08,1.41361746883423e-07,0.000259027174454918,304812.468845242,0.0025638579287306,123.823171307269,1.12672243080316,66.9732881769716,1.45722232181074e-05,1.45722232181074e-05,-2.1411046699259e-06,-2.1411046699259e-06,0,0,0,0,0,0,0,0.963446596730745,4.56642208562095,5.52986868235169,-3.03962532448798e-10
10,0.00807089374758191,0.00404814453669264,-1.25649439123859e-13,9.85778661592038e-05,-0.000196537321383975,-6.564469282072e-10,50050,630,1.3,2.20307634045165e-05,0.0151306832024042,1.64353597122932e-08,0.0274546867001415,2.8823340095217e-08,1.66823924151537e-07,0.000259027174540849,1147105.22750369,0.00352080713452119,213.992634923371,1.12702812896495,17.1012964970573,1.43666689094651e-05,1.43666689094651e-05,-2.03875708954186e-06,-2.03875708954186e-06,0,0,0,0,0,0,0,1.02323949864053,4.56647843004095,5.58971792868149,4.00637731285663e-10
11,0.00807089379663214,0.00404814454725931,-1.34499685643692e-13,0.000108435652638752,-0.000216191054027181,1.27701563893642e-09,50050,654,1.3,2.20307918722234e-05,0.0143548648342639,2.29701949264616e-08,0.0282246193573295,4.05554207698566e-08,1.64807969840473e-07,0.000259027174615234,1456035.8462233,0.00469286473461006,272.476260142608,1.12738497104402,25.1908527429396,1.41588376233369e-05,1.41588376233369e-05,-1.93773528085494e-06,-1.93773528085494e-06,0,0,0,0,0,0,0,1.05660954460653,4.56655063826524,5.62316018287177,6.13776007760407e-10
12,0.00807089385519345,0.00404814455762666,-1.37235806310257e-13,0.000118293438991536,-0.000235844786855459,3.78075892901686e-09,50050,688,1.4,2.20308223572092e-05,0.0134461525976086,3.12303459676097e-08,0.0270217487394231,5.51802989636764e-08,1.6940603336278e-07,0.000259027174721704,635662.072899957,0.00610392087026423,269.354588411904,1.12777369309468,49.5472556223058,1.39487722524065e-05,1.39487722524065e-05,-1.83777007943764e-06,-1.83777007943764e-06,0,0,0,0,0,0,0,1.10076375533188,4.56663703727331,5.66740079260519,-9.82155092220872e-10
13,0.00807089392458285,0.00404814456746666,-1.32050285254372e-13,0.000128151225166599,-0.00025549851990443,6.90661303778933e-09,50050,710,1.4,2.20308551291589e-05,0.0130909161107899,4.1428405776581e-08,0.025613100352507,7.33160558094147e-08,1.67824289826442e-07,0.00025902717490689,412438.785732367,0.00777124809176999,196.5111009902,1.12818354909236,33.14581152183,1.37365249153143e-05,1.37365249153143e-05,-1.73910229502409e-06,-1.73910229502409e-06,0,0,0,0,0,0,0,1.12733728793973,4.56673995889611,5.69407724683584,-6.20939060107685e-10
14,0.00807089400623188,0.00404814457642276,-1.17015563317299e-13,0.000138009011102768,-0.0002751522532146,1.0706404527724e-08,50050,730,1.5,2.20308896319597e-05,0.0130061765445475,5.38336057789693e-08,0.0251567329285548,9.65509509254314e-08,1.84691634979111e-07,0.000259027174966953,1332720.98337791,0.00971842054730998,113.527170182594,1.12861935516778,29.2529555594365,1.35221459929545e-05,1.35221459929545e-05,-1.64173044806432e-06,-1.64173044806432e-06,0,0,0,0,0,0,0,1.15297825674898,4.56685866265227,5.71983691940126,6.17826436391273e-10
15,0.00807089410168657,0.00404814458410991,-9.00932316644934e-14,0.000147866796727815,-0.000294805986831764,1.52319561344901e-08,50050,748,1.5,2.20309261547181e-05,0.013152170364703,6.8678212054283e-08,0.0260068155810698,1.24852220146965e-07,2.41894704038163e-07,0.000259027175253168,6524337.56361477,0.0119629966435553,111.537076483212,1.12906725695055,33.7884139120849,1.33056916682273e-05,1.33056916682273e-05,-1.54521973016183e-06,-1.54521973016183e-06,0,0,0,0,0,0,0,1.17292045840619,4.5669943935544,5.73991485196059,-8.8131418890247e-10
16,0.00807089421260747,0.00404814459011457,-4.91440496285283e-14,0.000157724581957602,-0.000314459720807398,2.05350864772833e-08,50050,765,1.5,2.20309642551811e-05,0.0135537274509142,8.61852425953788e-08,0.0272939779206949,1.58657164171767e-07,3.46710742502922e-07,0.000259027175395499,116408675.080515,0.0145210782006242,112.421909578067,1.12953244108482,58.1086557607085,1.30872099433344e-05,1.30872099433344e-05,-1.45011327027466e-06,-1.45011327027466e-06,0,0,0,0,0,0,0,1.19084635470611,4.56714724886983,5.75799360357594,-3.27773429055773e-10
17,0.00807089434076963,0.00404814459399475,8.06128848133221e-15,0.000167582366695241,-0.000334113455199056,2.66676097667523e-08,50050,776,1.6,2.20310038539713e-05,0.0139472088099941,1.06616911575525e-07,0.0283156210965525,1.99691972718794e-07,5.07200327739948e-07,0.000259027175604332,13746783.5018544,0.017413692030597,128.594857143574,1.13000205382007,44.1664458568663,1.28667733548731e-05,1.28667733548731e-05,-1.35622392109237e-06,-1.35622392109237e-06,0,0,0,0,0,0,0,1.2037198543601,4.56731773598453,5.77103759034464,3.09492582131143e-09
18,0.00807089448806258,0.00404814459527995,8.38307171458589e-14,0.00017744015083024,-0.000353767190070763,3.36813355155227e-08,50050,790,1.6,2.2031044491838e-05,0.0145309855370986,1.30146653306757e-07,0.0290546341407557,2.47888995952307e-07,7.19226325311197e-07,0.000259027175749327,12213989.4584341,0.0206519813718331,164.633462082597,1.13047585928515,107.229696137883,1.26444422133396e-05,1.26444422133396e-05,-1.26296367160943e-06,-1.26296367160943e-06,0,0,0,0,0,0,0,1.21735979561961,4.56750619149498,5.78486598711459,1.02568370418952e-09
19,0.00807089465649038,0.00404814459347122,1.80538589524205e-13,0.000187297934237663,-0.000373420925493417,4.16280682483831e-08,50050,802,1.6,2.20310859009949e-05,0.0151780766738508,1.56974457031844e-07,0.029324618187974,3.03437670591735e-07,9.90918981946608e-07,0.000259027176073068,14300821.13853,0.0242507297275389,187.907296718071,1.13094042471201,169.668465107888,1.24202619906869e-05,1.24202619906869e-05,-1.17127241741743e-06,-1.17127241741743e-06,0,0,0,0,0,0,0,1.23065077232712,4.5677131699143,5.79836394224142,6.80895432901985e-10
20,0.00807089484817155,0.00404814458804118,3.00612642392706e-13,0.000197155716777276,-0.000393074661545176,5.05596072139055e-08,50050,813,1.6,2.20311275649447e-05,0.0155804824258759,1.8732788287668e-07,0.0291370410138137,3.66654601413593e-07,1.31858177845129e-06,0.000259027176312543,26054018.9378762,0.0282280795540544,196.410769227568,1.13139986901411,201.672170920211,1.21943206881281e-05,1.21943206881281e-05,-1.08020280283858e-06,-1.08020280283858e-06,0,0,0,0,0,0,0,1.24035561291088,4.56793908598648,5.80829469889736,6.48223117669977e-09
21,0.00807089506533912,0.00404814457843396,4.46520449677101e-13,0.000207013498292706,-0.00041272839831186,6.05277460966698e-08,50050,824,1.6,2.20311690131944e-05,0.0159409102122446,2.21258606963951e-07,0.0285229886792576,4.37721305248736e-07,1.69787545095125e-06,0.00025902717664994,273113311.385527,0.0325835223314601,194.560158693951,1.13183718327946,334.874662985779,1.19667106310648e-05,1.19667106310648e-05,-9.90942359345494e-07,-9.90942359345494e-07,0,0,0,0,0,0,0,1.24979973354544,4.5681843915962,5.81798412514164,3.52142767381388e-09
22,0.00807089531034058,0.0040481445640653,6.20754794654464e-13,0.000216871278610592,-0.000432382135887346,7.15842727294331e-08,50050,834,1.7,2.20312097521836e-05,0.0162957046522017,2.58951321528789e-07,0.0275463243738702,5.18431641966904e-07,2.13113873296737e-06,0.000259027177101689,22029629.1551706,0.0373312556771797,183.171538823143,1.13224726850309,317.608378947289,1.17374389025697e-05,1.17374389025697e-05,-9.02079974775675e-07,-9.02079974775675e-07,0,0,0,0,0,0,0,1.25992109225873,4.56844960565247,5.8283706979112,2.7069536615271e-09
23,0.00807089558563791,0.00404814454432247,8.25818708217161e-13,0.000226729057539738,-0.000452035874373959,8.37809688083253e-08,50050,844,1.7,2.2031249169565e-05,0.016566165875487,3.00574748049605e-07,0.0267577985962562,6.08985140577145e-07,2.61470256995208e-06,0.000259027177741511,9127515.35159941,0.0424848014527739,165.393377466206,1.13263030873557,56.8345712607067,1.15066369404937e-05,1.15066369404937e-05,-8.14031472223803e-07,-8.14031472223803e-07,0,0,0,0,0,0,0,1.2678698064352,4.56873539363817,5.83660520007337,1.05092968560859e-08
24,0.00807089589380756,0.00404814451856436,1.06420934809349e-12,0.00023658683487027,-0.000471689613882872,9.71696096061708e-08,50050,855,1.7,2.20312867089223e-05,0.0167968726845784,3.46082097252185e-07,0.0259984466965029,7.08884921968342e-07,3.13576000534985e-06,0.000259027178275306,5327701.79659376,0.0484337931982399,139.540597328328,1.13295418426708,673.705312061792,1.12743966137315e-05,1.12743966137315e-05,-7.28054557896053e-07,-7.28054557896053e-07,0,0,0,0,0,0,0,1.27648948405289,4.56904205266368,5.84553153671657,3.6071292392587e-09
25,0.00807089623754045,0.00404814448612145,1.33840153344746e-12,0.000246444610372786,-0.000491343354534501,1.11801963689411e-07,50050,863,1.7,2.20313218180729e-05,0.0169269581010936,3.95603683375117e-07,0.0256847517597479,8.19765480528367e-07,3.69798888598559e-06,0.000259027178813209,3654504.48367032,0.0573398851907256,114.920666806516,1.13323907058219,112.874953261669,1.10407123087019e-05,1.10407123087019e-05,-6.42167537502018e-07,-6.42167537502018e-07,0,0,0,0,0,0,0,1.28400314268115,4.56937042291625,5.8533735655974,-1.78194883154645e-09
26,0.00807089661964196,0.00404814444629581,1.65083022445796e-12,0.000256302383797516,-0.000510997096458896,1.27729792634353e-07,50050,872,1.7,2.20313539153871e-05,0.0170288598426618,4.49247445109206e-07,0.0257070490207101,9.41990765971526e-07,4.27580089224312e-06,0.000259027179675742,2631019.90254181,0.0673770506584905,106.482397665487,1.13344267296323,14535.3369300626,1.08057497334886e-05,1.08057497334886e-05,-5.56898756800847e-07,-5.56898756800847e-07,0,0,0,0,0,0,0,1.2905186136698,4.56972078321929,5.86023939688909,4.42998916106943e-09
27,0.00807089704303192,0.00404814439836116,2.00387249732301e-12,0.00026616015487347,-0.000530650839796143,1.45004850744342e-07,50050,881,1.8,2.20313825995542e-05,0.0170750546173564,5.06856470550261e-07,0.0260907370415983,1.07416708132655e-06,4.87436829358092e-06,0.000259027180186888,2049493.55288842,0.0786469783879693,107.024178714577,1.13358520575902,55.9244810095942,1.05695957340969e-05,1.05695957340969e-05,-4.74135619865553e-07,-4.74135619865553e-07,0,0,0,0,0,0,0,1.29689350744015,4.57009392774699,5.86698743518714,-6.95713789421387e-09
28,0.00807089751074462,0.00404814434156283,2.39982857138368e-12,0.000276017923307597,-0.000550304584696754,1.63678884770093e-07,50050,884,1.8,2.20314073530258e-05,0.0169913723246685,5.68521130614151e-07,0.0266904217550738,1.21773762386058e-06,5.4744355706504e-06,0.000259027181169658,1655127.32894077,0.0912376648739504,106.806686554161,1.1336268053981,130.98983400112,1.03322438820456e-05,1.03322438820456e-05,-3.91199331902658e-07,-3.91199331902658e-07,0,0,0,0,0,0,0,1.30095796217283,4.57049043983796,5.8714484020108,-1.58245011072759e-08
29,0.00807089802592879,0.00404814427511782,2.84090229768182e-12,0.00028587568878394,-0.000569958331322062,1.83803633628522e-07,50050,894,1.8,2.2031427885097e-05,0.0169857777582095,6.34685388085052e-07,0.027350495846679,1.36946854571846e-06,6.07944278919055e-06,0.000259027181698346,1324460.11355251,0.105157886637323,108.00722846063,1.13358469233144,188.562185159497,1.00938976772963e-05,1.00938976772963e-05,-3.07403291297529e-07,-3.07403291297529e-07,0,0,0,0,0,0,0,1.30635682047761,4.57091089986348,5.87726772034109,-4.28584995599935e-08
30,0.00807089859184758,0.00404814419821478,3.32918085097874e-12,0.000295733450962789,-0.000589612079844622,2.05430828124706e-07,50050,899,1.8,2.20314437501412e-05,0.0169486312725404,7.04153392007934e-07,0.0279813367696743,1.53207313327964e-06,6.65972684862118e-06,0.000259027182146654,1116715.94884819,0.120644866851433,109.800962714896,1.13342528695559,63.5337334139389,9.85457047326119e-06,9.85457047326119e-06,-2.29658388696102e-07,-2.29658388696102e-07,0,0,0,0,0,0,0,1.31098171603689,4.57135608635962,5.88233780239651,-5.14384313884664e-08
31,0.00807089921187861,0.00404814411001402,3.86661345409925e-12,0.00030559120947984,-0.000609265830448597,2.28612190673545e-07,50050,902,1.8,2.20314550032863e-05,0.0168815861535986,7.77717029569176e-07,0.0285216595097442,1.70657422656996e-06,7.21156214333068e-06,0.000259027182957894,961873.783047342,0.137701450861858,109.653303890009,1.13315388204479,937.756594056281,9.61439895666368e-06,9.61439895666368e-06,-1.47016323834859e-07,-1.47016323834859e-07,0,0,0,0,0,0,0,1.31340266200696,4.57182661830435,5.88522928031131,-7.49870456920002e-08
32,0.00807089988951389,0.00404814400964757,4.45498984592826e-12,0.000315448963945347,-0.000628919583330162,2.5339943502463e-07,50050,912,1.8,2.20314615093818e-05,0.0167818446374954,8.55612520277399e-07,0.0293035127372616,1.88316885343009e-06,7.74955810689478e-06,0.000259027182885618,826940.800721194,0.156309269596089,113.02643820443,1.13276828973708,66.4004528466615,9.37326427473233e-06,9.37326427473233e-06,-6.82571608311226e-08,-6.82571608311226e-08,0,0,0,0,0,0,0,1.31862672929516,4.57232324946603,5.89094997876119,4.71442851909235e-08
33,0.00807090062835984,0.00404814389621916,5.09591752225043e-12,0.000325306713943283,-0.000648573338697893,2.79844265986331e-07,50050,911,1.8,2.20314630212525e-05,0.0167126830097728,9.36163448819863e-07,0.0298040982058618,2.07364294523822e-06,8.23025403715167e-06,0.000259027182679672,732181.304701322,0.17688453671414,129.06775506192,1.1322447803343,68.72589255743,9.13186854049111e-06,9.13186854049111e-06,7.22286579049429e-09,7.22286579049429e-09,0,0,0,0,0,0,0,1.32096689103574,4.57284695789374,5.89381384892948,3.23681991595428e-08
34,0.00807090143213733,0.00404814376880422,5.79079854537565e-12,0.00033516445903049,-0.000668227096773163,3.07998379152844e-07,50050,918,1.8,2.20314601159512e-05,0.0165855606009317,1.02215582033595e-06,0.0304416932992433,2.26770398256763e-06,8.68691997905032e-06,0.000259027183074134,647355.858587195,0.199182885212067,118.726918143596,1.13159359510594,79.0621620609388,8.88953393135496e-06,8.88953393135496e-06,9.07371381250564e-08,9.07371381250564e-08,0,0,0,0,0,0,0,1.32546495450719,4.57339830338226,5.89886325788944,-5.60165626870748e-08
35,0.00807090230468159,0.00404814362644994,6.54080551305467e-12,0.000345022198735842,-0.000687880857790538,3.37913460631319e-07,50050,921,1.8,2.20314525865409e-05,0.0165126774155246,1.11232120396603e-06,0.0310298825294917,2.4504674389762e-06,9.06945260209945e-06,0.000259027182642813,591422.124648778,0.223223553727335,124.337335941498,1.13081465230608,358.592484712042,8.64659251141597e-06,8.64659251141597e-06,1.61281242156707e-07,1.61281242156707e-07,0,0,0,0,0,0,0,1.32775555546738,4.57397843794534,5.90173399341271,-1.67989066272356e-08
36,0.00807090324994227,0.00404814346817527,7.34685674959821e-12,0.000354879932559399,-0.00070753462199817,3.69641186772192e-07,50050,930,1.9,2.20314413496361e-05,0.0163464950600108,1.20482198028117e-06,0.0313297067388534,2.65751328746799e-06,9.42540472948166e-06,0.000259027182541671,532029.077252566,0.249838029978562,126.109492433272,1.12989787841085,622.046370507382,8.40375162695445e-06,8.40375162695445e-06,2.41693638820887e-07,2.41693638820887e-07,0,0,0,0,0,0,0,1.33220562211425,4.57458809148575,5.9067937136,7.41403980195409e-08
37,0.00807090427198338,0.00404814329297092,8.20959096545859e-12,0.000364737659971565,-0.000727188389658192,4.03233223898807e-07,50050,931,1.9,2.2031426343509e-05,0.0162875885348475,1.29910028688512e-06,0.0314834107779878,2.86339473772032e-06,9.68880422519562e-06,0.000259027187331062,494344.087796173,0.278940371089872,130.384741014044,1.12884652595665,291.71204600918,8.16040596953718e-06,8.16040596953718e-06,3.10289676307805e-07,3.10289676307805e-07,0,0,0,0,0,0,0,1.33445298556619,4.57522830993322,5.9096812954994,-2.44679337026653e-07
38,0.00807090537498333,0.00404814309979938,9.12934072308125e-12,0.000374595380412246,-0.000746842161047116,4.38741228040556e-07,50050,934,1.9,2.20314090701753e-05,0.0162216623090942,1.39880037325893e-06,0.0318151014905646,3.07181409000864e-06,9.92799066703887e-06,0.000259027185004257,468163.326911529,0.310028767943264,135.003944182441,1.12766766346327,3349.13438505532,7.91640700319477e-06,7.91640700319477e-06,3.90354129148194e-07,3.90354129148194e-07,0,0,0,0,0,0,0,1.33668774642393,4.57589999210904,5.91258773853297,-1.43016113692034e-08
39,0.00807090656323488,0.00404814288759498,1.01061059326555e-11,0.000384453093290008,-0.00076649593645622,4.7621684466614e-07,50050,940,1.9,2.20313894180639e-05,0.0159882835167649,1.50178920613627e-06,0.0318714041304233,3.27495863143142e-06,1.01134913375674e-05,0.000259027188206029,415444.267315392,0.343750938594983,148.475399208185,1.1263745954104,92.0095010329211,7.67304422582188e-06,7.67304422582188e-06,4.60182854712822e-07,4.60182854712822e-07,0,0,0,0,0,0,0,1.34158961636447,4.57660437553004,5.9181939918945,-8.95852463057558e-08
40,0.00807090784114516,0.00404814265526385,1.1139525736077e-11,0.000394310797981235,-0.000786149716191949,5.15711708419776e-07,50050,947,1.9,2.2031368785918e-05,0.0159332522343171,1.60865755376643e-06,0.0318545099200033,3.48192169701807e-06,1.01982367089807e-05,0.00025902718771198,402257.594512858,0.380406736139024,161.132789475873,1.12496160364144,95.8880512561923,7.42928433613806e-06,7.42928433613806e-06,5.34179812161883e-07,5.34179812161883e-07,0,0,0,0,0,0,0,1.34376515810257,4.5773424976163,5.92110765571887,-4.2039932859789e-08
41,0.00807090921323565,0.00404814240168398,1.22288503395314e-11,0.000404168493829288,-0.000805803500576304,5.57277442857611e-07,50050,946,1.9,2.20313488981258e-05,0.0158896910559678,1.71280469198211e-06,0.0315348173050844,3.69878444408091e-06,1.02790933284591e-05,0.00025902719327564,399609.122006788,0.420609558169468,165.865044293511,1.12345176198846,1842.28559818926,7.18573243459463e-06,7.18573243459463e-06,6.00028537258481e-07,6.00028537258481e-07,0,0,0,0,0,0,0,1.34593339010114,4.57811535771731,5.92404874781846,-3.83953692664625e-07
42,0.00807091068414216,0.00404814212570523,1.33729116798716e-11,0.000414026180143665,-0.000825457289947242,6.00965660187046e-07,50050,957,1.9,2.20313300488222e-05,0.0156310983521047,1.82661729574775e-06,0.0310309935366349,3.90021656045498e-06,1.03081240157764e-05,0.000259027198992179,380843.925574626,0.464041290647873,173.132859939057,1.1218482118119,94.268409098139,6.94246860900491e-06,6.94246860900491e-06,6.78001297169291e-07,6.78001297169291e-07,0,0,0,0,0,0,0,1.35025540628273,4.57892422749397,5.9291796337767,-8.87375155391731e-07
43,0.00807091225861484,0.00404814182614935,1.45700937175698e-11,0.000423883856199161,-0.000845111084659063,6.46827961007113e-07,50050,955,1.9,2.20313142549536e-05,0.0155837201040958,1.93644521488256e-06,0.0303530842921619,4.1041863914482e-06,1.02468428762848e-05,0.000259027191139793,383735.975656544,0.509851949822339,183.375987384369,1.1396211528577,103.428237318245,6.69866662788042e-06,6.69866662788042e-06,7.36491719831019e-07,7.36491719831019e-07,0,0,0,0,0,0,0,1.35282640922642,4.5797702929863,5.93259670221272,3.90225781502736e-09
44,0.00807091394151814,0.00404814150180997,1.58183017068763e-11,0.000433741521235024,-0.000864764885082811,6.94915934051445e-07,50050,961,1.9,2.20313037959075e-05,0.0155446840967596,2.05479029053934e-06,0.0294302104089514,4.31679284149067e-06,1.02017372374997e-05,0.000259027200582351,401347.520272352,0.561089558856783,191.602775889612,1.2045141295966,110.630990552881,6.45740195344695e-06,6.45740195344695e-06,8.20368719656406e-07,8.20368719656406e-07,0,0,0,0,0,0,0,1.35534275009835,4.58065487529028,5.93599762538863,-3.60809241493215e-07
45,0.00807091573783086,0.00404814115145268,1.71149307523282e-11,0.000443599174454123,-0.00088441869160666,7.45281155931623e-07,50050,968,1.9,2.20312991812963e-05,0.0155131802124597,2.17666686033629e-06,0.0286907329301304,4.50317968535668e-06,1.0128147153705e-05,0.000259027198401429,446797.641604425,0.615636438396305,195.786475876957,1.27299927914168,381.338236136511,6.21356305911179e-06,6.21356305911179e-06,8.73098928543393e-07,8.73098928543393e-07,0,0,0,0,0,0,0,1.35743435067016,4.58157926649879,5.93901361716895,4.58723310402196e-07
46,0.00807091765264605,0.00404814077381501,1.84568338631558e-11,0.000453456815022099,-0.000904072504636314,7.97975190883757e-07,50050,974,1.9,2.20313032436272e-05,0.0151987577134208,2.29010403936782e-06,0.027485507602828,4.72376537726399e-06,1.00593358909223e-05,0.000259027207386242,464972.837304889,0.676242110946837,202.033836207549,1.37452321580244,113.967420048254,5.97380401297685e-06,5.97380401297685e-06,9.45443781734558e-07,9.45443781734558e-07,0,0,0,0,0,0,0,1.36204431249728,4.58254475451631,5.94458906701359,-3.90237466187638e-07
47,0.00807091969117109,0.00404814036760647,1.98402891753321e-11,0.000463314442066537,-0.000923726324595397,8.53049590517055e-07,50050,974,1.9,2.20313177002729e-05,0.0151763615967205,2.41001226184375e-06,0.0262190289221021,4.92357836597522e-06,9.92446431325597e-06,0.000259027218873831,620529.317592047,0.742160173177147,206.589945255676,1.45872273314275,117.076855668839,5.7320727155102e-06,5.7320727155102e-06,1.00972796041488e-06,1.00972796041488e-06,0,0,0,0,0,0,0,1.36443402907863,4.58355282952723,5.94798685860586,-6.79193778470609e-07
48,0.00807092185872761,0.00404813993150855,2.12609661113562e-11,0.000473172054676119,-0.000943380151925849,9.10555893562828e-07,50050,981,2,2.20313459673407e-05,0.0151578615515717,2.53428430850853e-06,0.0253080347439848,5.1021630898002e-06,9.85754840739788e-06,0.000259027232371145,1170237.8579347,0.811842318736959,210.049593975662,1.56299678874617,561.964063369633,5.49189414701705e-06,5.49189414701705e-06,1.07672334565928e-06,1.07672334565928e-06,0,0,0,0,0,0,0,1.36647148534472,4.58460476586335,5.95107625120807,-5.04949815144453e-07
49,0.00807092416075151,0.00404813946417478,2.27138915469147e-11,0.000483029651899788,-0.000963033987088315,9.70545625627433e-07,50050,989,2,2.2031388963402e-05,0.0151434095612618,2.65795602619765e-06,0.0241730414401352,5.28775826989732e-06,9.80778703122978e-06,0.000259027247956789,6510667.15629527,0.890245159618337,212.191739666643,1.6432846988211,613.08660200288,5.25299777953756e-06,5.25299777953756e-06,1.13360609714543e-06,1.13360609714543e-06,0,0,0,0,0,0,0,1.3687952948224,4.58570212084056,5.95449741566296,8.34364828159278e-07
50,0.00807092660279295,0.00404813896423071,2.41934143341126e-11,0.000492887232745917,-0.000982687830562542,1.03307029894612e-06,50050,989,2,2.20314501645405e-05,0.0147666777421971,2.77496256620897e-06,0.0233148646854853,5.48964867752039e-06,9.80347386065295e-06,0.000259027265570366,1027105.96250114,0.976633276784971,213.450971323347,1.72745790261183,119.648778705323,5.01565989748695e-06,5.01565989748695e-06,1.19857198095731e-06,1.19857198095731e-06,0,0,0,0,0,0,0,1.37324526506831,4.58684638083189,5.9600916459002,5.69137429468796e-07
51,0.00807092919051633,0.00404813843027397,2.56931699121537e-11,0.000502744796181462,-0.00100234168284777,1.0981814121381e-06,50050,996,2,2.20315319066522e-05,0.0147589327496693,2.90377648889197e-06,0.0229492680798465,5.65780515103398e-06,9.76137224625532e-06,0.000259027286144131,374361.142954444,1.06997074128648,211.59098657501,1.85529839922384,312.441808297101,4.77814836907564e-06,4.77814836907564e-06,1.26538173962539e-06,1.26538173962539e-06,0,0,0,0,0,0,0,1.37526003603674,4.58803909557892,5.96329913161566,3.65959409860596e-07
52,0.00807093192970028,0.00404813786087429,2.72060437018668e-11,0.000512602341131133,-0.00102199554446312,1.16593044996724e-06,50050,997,2,2.20316384548731e-05,0.014751324321701,3.02907165325099e-06,0.0229310457135416,5.83477006546417e-06,9.84181223220561e-06,0.000259027307942472,218162.306296709,1.17496776972475,210.58815617701,1.92914892869962,568.913490597152,4.54272107727044e-06,4.54272107727044e-06,1.31590038101033e-06,1.31590038101033e-06,0,0,0,0,0,0,0,1.3772759271586,4.58928163948637,5.96655756664497,4.56436922154435e-07
53,0.00807093482623764,0.00404813725457351,2.87241338020811e-11,0.000522459866476555,-0.00104164941594801,1.23636888309987e-06,50050,1000,2,2.20317707852859e-05,0.01474281039965,3.15497534481098e-06,0.0231976290020692,5.99661109093224e-06,9.97210822100374e-06,0.000259027333104567,143183.684191871,1.29070896764211,208.986096010371,2.07599321549926,224.933517172337,4.30866691167889e-06,4.30866691167889e-06,1.38248358627169e-06,1.38248358627169e-06,0,0,0,0,0,0,0,1.3793085966226,4.59057584155401,5.96988443817662,-1.64454335233146e-06
54,0.00807093788613547,0.00404813660988559,3.02387133239723e-11,0.000532317371055433,-0.0010613032978625,1.30954816786971e-06,50050,1006,2,2.20319330344931e-05,0.0147353291895212,3.28488549022296e-06,0.0236159118985438,6.14953404747361e-06,1.0171117415938e-05,0.00025902735946326,103742.698870827,1.41842314915529,206.413410840746,2.12826883104261,187.994035208365,4.07494381654696e-06,4.07494381654696e-06,1.43995917214682e-06,1.43995917214682e-06,0,0,0,0,0,0,0,1.38117673726629,4.5919232759169,5.97310001318319,2.90817657978217e-07
55,0.00807094111551499,0.00404813592529668,3.17401915339875e-11,0.000542174853660717,-0.00108095719078774,1.38551974604118e-06,50050,1008,2,2.20321279267105e-05,0.0147278014617343,3.4056282554843e-06,0.0242045188235065,6.31994027511974e-06,1.0464262873762e-05,0.000259027389547195,80267.2580615374,1.56489277333038,203.777405282629,2.32217644105234,391.316011194705,3.84484751582361e-06,3.84484751582361e-06,1.49302891656869e-06,1.49302891656869e-06,0,0,0,0,0,0,0,1.38309311623669,4.59332557363623,5.97641868987292,-6.999981812168e-07
56,0.00807094452061163,0.00404813519926514,3.3218074513306e-11,0.000552032313039769,-0.00110061109532632,1.46433504457828e-06,50050,1012,2,2.20323586021295e-05,0.0142608814478743,3.5269498256688e-06,0.0249668364692615,6.46300252724917e-06,1.08539947154517e-05,0.000259027421142033,79987.4279375059,1.72931703881216,201.093666113524,2.39301380267037,135.159045727369,3.61401977332494e-06,3.61401977332494e-06,1.54606298520662e-06,1.54606298520662e-06,0,0,0,0,0,0,0,1.38722809936759,4.59478452323535,5.98201262260294,-1.96527092421141e-06
57,0.00807094810777497,0.00404813443022151,3.46609250266066e-11,0.000561889747893525,-0.00112026501210268,1.54604547541291e-06,50050,1012,2,2.20326281613556e-05,0.0142537279341628,3.64958043766212e-06,0.025895326707343,6.61492520231941e-06,1.12457047973412e-05,0.000259027455263849,79448.0845909047,1.91534500690752,198.351260700078,2.59729791064635,103.565046395883,3.38575548887953e-06,3.38575548887953e-06,1.60622880895523e-06,1.60622880895523e-06,0,0,0,0,0,0,0,1.38924751645877,4.59630188497674,5.98554940143551,1.01718841673689e-06
58,0.00807095188346874,0.00404813361656861,3.60563219512784e-11,0.000571747156875665,-0.00113991894176351,1.63070243521738e-06,50050,1013,2,2.20329417808546e-05,0.0142449344006105,3.78130986396199e-06,0.0258951262600953,6.73900956080322e-06,1.18291703948322e-05,0.000259027493221264,80093.4251635925,2.13127595134552,194.914136341911,2.63105818238846,126.591073682789,3.1613202531589e-06,3.1613202531589e-06,1.66222832955181e-06,1.66222832955181e-06,0,0,0,0,0,0,0,1.39106335709753,4.59787933169802,5.98894268879554,-8.31884116464274e-07
59,0.00807095585427079,0.00404813275668152,3.73908182463178e-11,0.000581604538591782,-0.00115957288497811,1.71835730517908e-06,50050,1017,2,2.20333000029974e-05,0.0142378541020073,3.89824230525646e-06,0.0269778541204519,6.87645130311995e-06,1.25456998143099e-05,0.000259027532568012,80810.2070149501,2.37754153611479,192.176979367381,2.84645969370505,95.9384318479859,2.93491299159179e-06,2.93491299159179e-06,1.70908198904811e-06,1.70908198904811e-06,0,0,0,0,0,0,0,1.39322190133369,4.5995188074035,5.99274070873719,-9.27651308342182e-07
60,0.00807096002687312,0.00404813184890765,3.8649899094284e-11,0.000591461891598543,-0.00117922684243881,1.80906145077724e-06,50050,1017,2,2.20337077837299e-05,0.0142295521312379,4.01785995887819e-06,0.0275852910284994,7.01285877323857e-06,1.34229824230329e-05,0.000259027575333026,80122.7550101575,2.67355384203508,189.446501522795,3.07976388637511,2854.38893164645,2.71493876574869e-06,2.71493876574869e-06,1.76403342172477e-06,1.76403342172477e-06,0,0,0,0,0,0,0,1.39532409678168,4.60122218768873,5.99654628447041,-1.28086535013974e-06
61,0.00807096440808182,0.00404813089156671,3.98179386927021e-11,0.000601319214402864,-0.00119888081486137,1.90286622156281e-06,50050,1024,2,2.20341677434853e-05,0.0142219643789412,4.14272190074709e-06,0.0281999164758012,7.11529667529783e-06,1.44787061847315e-05,0.000259027620456154,80692.6290653776,3.02096610773612,186.351551920634,3.09411009396675,91.3719360892444,2.49232889265605e-06,2.49232889265605e-06,1.80766077881772e-06,1.80766077881772e-06,0,0,0,0,0,0,0,1.39751495537434,4.60299133931917,6.00050629469351,1.28683653747242e-06
62,0.00807096900481705,0.00404812988295079,4.08781565759818e-11,0.000611176505461076,-0.00121853480298533,1.99982295093986e-06,50050,1017,2,2.20346832241811e-05,0.0142132215655748,4.24594560212207e-06,0.0281998231268678,7.24160077097621e-06,1.57649913019848e-05,0.000259027667951606,80269.9106316009,3.44466328776812,183.329693779658,3.42425600884445,306.534163202979,2.27484047602826e-06,2.27484047602826e-06,1.85248743363533e-06,1.85248743363533e-06,0,0,0,0,0,0,0,1.39968102256158,4.60482820831658,6.00450923087816,2.86259183078401e-06
63,0.00807097382411308,0.00404812882132438,4.18125731153518e-11,0.000621033763178092,-0.00123818880757443,2.09998295595062e-06,50050,1022,2,2.20352573474221e-05,0.0142060988145601,4.37716016473862e-06,0.0295507738550448,7.32958910191856e-06,1.72600243063454e-05,0.000259027718403471,81051.898444806,3.96906146062417,180.773869467967,3.38985092819426,407.20678920691,2.06121323461294e-06,2.06121323461294e-06,1.91842407559772e-06,1.91842407559772e-06,0,0,0,0,0,0,0,1.40214421608072,4.60673475837973,6.00887897446044,6.11736915626148e-07
64,0.00807097887311822,0.00404812770492438,4.26019644879913e-11,0.000630890985906583,-0.00125784282941701,2.20339753706301e-06,50050,1029,2.1,2.20358932589764e-05,0.0136340193142465,4.48516284755341e-06,0.0295528317529468,7.44405453790716e-06,1.90019672380751e-05,0.00025902777092901,80183.3246571746,4.63556774911473,177.925993947674,3.66019162802284,1479.2623299235,1.84592310728993e-06,1.84592310728993e-06,1.94743490070686e-06,1.94743490070686e-06,0,0,0,0,0,0,0,1.40666505534561,4.60871304662305,6.01537810196865,-1.85197166868963e-06
65,0.00807098415909482,0.00404812653196014,4.32258165281546e-11,0.000640748171946143,-0.00127749686932637,2.31011797795989e-06,50050,1020,2,2.20365940169989e-05,0.0136255977886186,4.59199943740226e-06,0.0295527723887772,7.51912471291912e-06,2.08339201254549e-05,0.00025902782609899,81528.1058881815,5.50334438708255,175.173244305253,3.71211310021948,402.588089906834,1.63450055845859e-06,1.63450055845859e-06,1.99025694422436e-06,1.99025694422436e-06,0,0,0,0,0,0,0,1.40911654201526,4.61076503490099,6.01988157691626,-4.72491704724813e-07
66,0.00807098968941927,0.00404812530061351,4.36622784099809e-11,0.000650605319542463,-0.00129715092814117,2.42019554533294e-06,50050,1034,2.1,2.20373653039314e-05,0.0136183935338105,4.71925197815357e-06,0.031020136277983,7.60079308183024e-06,2.30310830252791e-05,0.000259027882112406,81812.2719896535,6.71269875072632,172.749606161943,3.93044177222646,104.081817418404,1.42923730760776e-06,1.42923730760776e-06,2.05487733775293e-06,2.05487733775293e-06,0,0,0,0,0,0,0,1.41184436555345,4.61289266526379,6.02473703081724,-3.87179462785277e-06
67,0.00807099547158194,0.00404812400903884,4.38881150717049e-11,0.000660462426886502,-0.00131680500672585,2.533681488677e-06,50050,1026,2,2.20382064509988e-05,0.0136099975859497,4.80190325990075e-06,0.0310201015182083,7.71986281690826e-06,2.54938890897739e-05,0.00025902794083088,81909.4560273072,8.43869278876906,170.156297525767,4.37509164501699,76.6822274638678,1.21833549447588e-06,1.21833549447588e-06,2.06520596950362e-06,2.06520596950362e-06,0,0,0,0,0,0,0,1.41449678856703,4.6150982426175,6.02959503118453,2.97755449943e-07
68,0.00807100151318721,0.00404812265536303,4.38786591353942e-11,0.000670319492113659,-0.00133645910597097,2.65062704008956e-06,50050,1028,2.1,2.20391226903226e-05,0.0136016149213758,4.9283157955484e-06,0.0310200668316666,7.75958533591224e-06,2.82306968970272e-05,0.000259028000828443,83187.3963677623,11.232006909956,167.639262655587,4.23839689741529,70.6838215596093,1.02083237460659e-06,1.02083237460659e-06,2.13499315023581e-06,2.13499315023581e-06,0,0,0,0,0,0,0,1.41725278763401,4.61738367928668,6.03463646692069,3.62132032460605e-07
69,0.00807100782195345,0.00404812123768558,4.36077624079051e-11,0.000680176513302949,-0.00135611322679363,2.77108341407088e-06,50050,1035,2.1,2.20401160908055e-05,0.0135932458904899,5.03431938722251e-06,0.0310200321525422,7.85318703062251e-06,3.12543872430214e-05,0.000259028062569944,83500.1976238243,16.3705825162885,165.195185298853,4.56685293775686,174.515556584795,8.17039907174586e-07,8.17039907174586e-07,2.16244215257676e-06,2.16244215257676e-06,0,0,0,0,0,0,0,1.42011439824677,4.61975117249404,6.03986557074081,3.98951092455588e-06
70,0.00807101440571296,0.00404811975407858,4.30477460633963e-11,0.000690033488476172,-0.00137576737013785,2.89510180732873e-06,50050,1027,2.1,2.20411893976558e-05,0.0135860168197462,5.11427755954685e-06,0.0325884169176128,7.92207876386789e-06,3.45985788211566e-05,0.000259028125655481,84394.9856242793,28.9449428838827,163.002969652236,5.16815138753464,3355.38927732279,6.21119497436814e-07,6.21119497436814e-07,2.18822962415931e-06,2.18822962415931e-06,0,0,0,0,0,0,0,1.42323333171932,4.6222028496987,6.04543618141802,-8.47649548645554e-06
71,0.00807102127241198,0.00404811820258677,4.21693506912751e-11,0.000699890415597092,-0.00139542153697498,3.02273339858556e-06,50050,1030,2.1,2.20423452259387e-05,0.013577676494492,5.24065761039997e-06,0.0325883988827237,7.95586752748061e-06,3.82273002165363e-05,0.00025902819008583,85415.7239200572,110.670431424496,160.693023038964,10.8454746635706,9977.32544370704,4.2811787919118e-07,4.2811787919118e-07,2.24969384718225e-06,2.24969384718225e-06,0,0,0,0,0,0,0,1.42631214406877,4.62474089716091,6.05105304122968,-1.06828556190259e-05
72,0.00807102843011068,0.00404811658122757,4.0941685052577e-11,0.00070974729257061,-0.00141507572830405,3.15402934838775e-06,50050,1036,2.1,2.20435860126632e-05,0.0135693508679093,5.343715539443e-06,0.0325883808662606,8.02482507010089e-06,4.2166413604005e-05,0.00025902825570101,86375.9634092389,699.697255905794,158.447241584788,5.20665692663461,732.087368180656,2.32645748099653e-07,2.32645748099653e-07,2.27059967363835e-06,2.27059967363835e-06,0,0,0,0,0,0,0,1.42950248589242,4.6273674318304,6.05686991772281,1.75232302295655e-06
73,0.00807103588698313,0.00404811488799113,3.93321746939099e-11,0.000719604117241939,-0.00143472994515219,3.28904079892005e-06,50050,1036,2.1,2.20449141252481e-05,0.0128797052888526,5.4272017936191e-06,0.0325898933122262,8.0822777237702e-06,4.6420578676274e-05,0.000259028322209143,86803.0542812254,1520.54889637816,156.235298930872,5.77821088346258,1598.94729750774,4.60013289330769e-08,4.60013289330769e-08,2.29427432982713e-06,2.29427432982713e-06,0,0,0,0,0,0,0,1.43497113812331,4.63008466679685,6.06505580492016,5.13940231268992e-06
74,0.00807104365131727,0.00404811312084031,3.73065094208366e-11,0.000729460887395784,-0.00145438418857498,3.4278188738204e-06,50050,1035,2.1,2.204633173287e-05,0.0128717599067916,5.52803166149936e-06,0.0325898747235531,8.11420290801288e-06,5.07350461975795e-05,0.000259028389609006,88741.5143744821,783.281429809997,154.110481026598,5.42470122692223,820.716228698747,-1.36845178833143e-07,-1.36845178833143e-07,2.34367764576337e-06,2.34367764576337e-06,0,0,0,0,0,0,0,1.43839009995109,4.63289479528384,6.07128489523493,1.65382026523198e-06
75,0.0080710517315149,0.0040481112777108,3.48285902188909e-11,0.000739317600755513,-0.00147403845965691,3.57041467799987e-06,50050,1039,2.1,2.20478442758245e-05,0.0128638280451144,5.6214517585875e-06,0.0325898561339098,8.18117572663174e-06,5.55229290520592e-05,0.000259028459219657,89165.3160960495,483.446935256827,152.04232490134,5.84696312458934,505.957937220749,-3.21210776659594e-07,-3.21210776659594e-07,2.36947184882244e-06,2.36947184882244e-06,0,0,0,0,0,0,0,1.44192618462137,4.6357998385913,6.07772602321267,1.54031057295447e-06
76,0.00807106013609168,0.00404810935651108,3.18604754754095e-11,0.000749174254982342,-0.00149369275951167,3.71687929746496e-06,50050,1038,2.1,2.20494491141262e-05,0.0128565743435147,5.70638754341191e-06,0.0342458297162193,8.20525573105914e-06,6.05700567816937e-05,0.00025902852873283,90631.1903644122,501.266380005518,150.150330632901,6.51483376798852,8123.04334224471,-5.01292760122921e-07,-5.01292760122921e-07,2.38879329272782e-06,2.38879329272782e-06,0,0,0,0,0,0,0,1.44570367592771,4.63880222243911,6.08450589836682,1.02461007733671e-05
77,0.00807106887367707,0.00404810735512249,2.83623265216554e-11,0.00075903084767451,-0.00151334708928262,3.86726379914346e-06,50050,1036,2.1,2.20511510216772e-05,0.0128486701581154,5.8029540823119e-06,0.0342458215820572,8.22638687828666e-06,6.59178697965172e-05,0.000259028599386646,94637.8895738551,672.128447685707,148.187309601379,48.6700471184872,20664.9492461156,-6.72131321483157e-07,-6.72131321483157e-07,2.42671981946798e-06,2.42671981946798e-06,0,0,0,0,0,0,0,1.4494793186063,4.64190403004994,6.09138334865624,4.78680525908347e-06
78,0.00807107795301434,0.00404810527139925,2.42923522826305e-11,0.000768887376366458,-0.00153300145014315,4.02161923071267e-06,50050,1038,2.1,2.20529506906242e-05,0.0128407803688318,5.90166628489416e-06,0.0342458134562151,8.28550622707775e-06,7.15716093143085e-05,0.000259028670524963,96684.3021786556,159.970253615733,146.274622402695,6.3427151235419,1856.46591003643,-8.44107130578721e-07,-8.44107130578721e-07,2.4596261089314e-06,2.4596261089314e-06,0,0,0,0,0,0,0,1.45337731611045,4.64510745826003,6.09848477437049,-1.04669209853156e-05
79,0.00807108738296053,0.00404810310316854,1.96067531314336e-11,0.000778743838528011,-0.00155265584329702,4.17999662043244e-06,50050,1048,2.1,2.20548497602869e-05,0.0128329052001618,5.99432605709936e-06,0.0342458053480262,8.31737858049723e-06,7.75197517663646e-05,0.000259028742150225,96764.0347424893,295.150163876933,144.410357621742,6.82294814115072,661.588801984207,-1.01755591461178e-06,-1.01755591461178e-06,2.46904087667697e-06,2.46904087667697e-06,0,0,0,0,0,0,0,1.45739931500674,4.64841472083729,6.10581403584403,6.25893996838797e-06
80,0.00807109717248646,0.00404810084823047,1.42596646401972e-11,0.000788600231563557,-0.00157231026997882,4.34244697697992e-06,50050,1032,2.1,2.20568495412385e-05,0.0128250449576552,6.05777630529583e-06,0.0342457972623587,8.31667315696481e-06,8.37757312076098e-05,0.000259028813975215,102093.335665062,1718.88888616289,142.592699413958,6.35533365834212,1802.82201986323,-1.18162596351068e-06,-1.18162596351068e-06,2.47949855009498e-06,2.47949855009498e-06,0,0,0,0,0,0,0,1.46154692187699,4.65182799843727,6.11337492031427,1.49863772881953e-05
81,0.00807110733067666,0.00404809850435817,8.20309980945585e-12,0.000798456552811231,-0.00159196473145432,4.50902128928929e-06,50050,1040,2.1,2.2058951218564e-05,0.0128171998029383,6.17560181843442e-06,0.0342457892160658,8.33278217462671e-06,9.03121254685874e-05,0.000259028885906232,105688.384501404,279.375022828787,140.819921605803,6.57043517178513,291.744071661393,-1.33419409554034e-06,-1.33419409554034e-06,2.54680087330027e-06,2.54680087330027e-06,0,0,0,0,0,0,0,1.46582170514526,4.65534945927757,6.12117116442283,-4.68089126236329e-06
82,0.00807111786672938,0.0040480960692978,1.38689116683171e-12,0.000808312799542094,-0.00161161922902085,4.6797705263924e-06,50050,1046,2.1,2.20611557886252e-05,0.0128093699295189,6.25478938705824e-06,0.0342457811737415,8.37496073547811e-06,9.71339079299365e-05,0.000259028957741547,109234.790026251,209.122129063077,139.090382227029,7.06774791659152,247.762096320834,-1.50362939443195e-06,-1.50362939443195e-06,2.52535602249005e-06,2.52535602249005e-06,0,0,0,0,0,0,0,1.47022516696562,4.65898126816423,6.12920643512985,1.30396418911836e-05
83,0.00807112878995657,0.00404809354076861,-6.24136827230169e-12,0.000818168968959323,-0.00163127376400767,4.8547456372668e-06,50050,1042,2.1,2.20634640950659e-05,0.0128015555037733,6.31050175053861e-06,0.0342457731166819,8.40707071081261e-06,0.000104240996628935,0.000259029029314295,112900.467895808,220.022766184981,137.402518438163,7.77319771412093,1650.95134776377,-1.65147994959095e-06,-1.65147994959095e-06,2.5501553508718e-06,2.5501553508718e-06,0,0,0,0,0,0,0,1.47475876136398,4.66272556889658,6.13748433026055,3.76629067567656e-06
84,0.00807114010978383,0.00404809091646296,-1.47363841600856e-11,0.000828025058197385,-0.00165092833777643,5.0339975506829e-06,50050,1042,2.1,2.20658768155627e-05,0.0127937566899446,6.40184913197714e-06,0.0342457651120728,8.38402705548942e-06,0.00011161496453019,0.000259029100455055,119761.018650571,355.748775504303,135.754841820335,6.74583338170055,369.98613186602,-1.801330952274e-06,-1.801330952274e-06,2.57390936724022e-06,2.57390936724022e-06,0,0,0,0,0,0,0,1.4794238984429,4.66658448189091,6.14600838033381,2.51968506697272e-06
85,0.00807115183575043,0.00404808819404637,-2.41552217573154e-11,0.000837881064321232,-0.00167058295172144,5.21757717505782e-06,50050,1044,2.1,2.20683944657932e-05,0.01278597356714,6.47866127767732e-06,0.0342457570951204,8.4293608930077e-06,0.000119251254008005,0.000259029170995517,127285.118824692,2037.96900004595,134.145933997572,7.12229325580853,2112.93472326362,-1.9494802181967e-06,-1.9494802181967e-06,2.58764617332738e-06,2.58764617332738e-06,0,0,0,0,0,0,0,1.48422193316886,4.67056010492438,6.15478203809324,1.93797540093213e-06
86,0.00807116397750923,0.00404808537115754,-3.45573661409586e-11,0.000847736984325479,-0.00169023760727014,5.4055353983116e-06,50050,1046,2.1,2.20710174007322e-05,0.0119567949215413,6.54133241820553e-06,0.0359795635823544,8.46552708193984e-06,0.000127144507305817,0.000259029240766262,138068.767482011,172.324561520678,132.623910660183,7.64980044254884,237.137672934713,-2.09270661616579e-06,-2.09270661616579e-06,2.596008486707e-06,2.596008486707e-06,0,0,0,0,0,0,0,1.49141213173513,4.67465451097479,6.16606664270992,3.32309646688497e-06
87,0.00807117654482671,0.00404808244540843,-4.60047844530908e-11,0.000857592815133597,-0.00170989230588347,5.59792308772673e-06,50050,1044,2.1,2.20737458169912e-05,0.0119494762728687,6.61951433751375e-06,0.035979560908444,8.48080445253063e-06,0.000134938092655271,0.000259029309605752,150445.908560204,77.700464071665,131.087986268695,8.10593780272774,387.854557250841,-2.22976548943597e-06,-2.22976548943597e-06,2.60995199320653e-06,2.60995199320653e-06,0,0,0,0,0,0,0,1.4964796708605,4.67886977487686,6.17534944573736,1.70259632440899e-05
88,0.00807118954758291,0.00404807941438427,-5.85619882003142e-11,0.000867448553597094,-0.00172954704905622,5.79479108981224e-06,50050,1050,2.1,2.20765843633331e-05,0.0119421713368472,6.71343102793119e-06,0.0359795582178348,8.47555782949068e-06,0.000143193878002696,0.000259029375677899,160827.320211838,168.667386708155,129.586969168611,8.54458477432521,251.07155905025,-2.36186587387465e-06,-2.36186587387465e-06,2.62390101609425e-06,2.62390101609425e-06,0,0,0,0,0,0,0,1.50168382706846,4.68320764115414,6.1848914682226,1.15739544542354e-06
89,0.00807120299577142,0.00404807627564359,-7.22960963607088e-11,0.000877304196494709,-0.00174920183831743,5.99619023017102e-06,50050,1050,2.1,2.2079526671232e-05,0.0119348802216869,6.78231870736662e-06,0.0359795555430987,8.46095474399578e-06,0.000151596016074128,0.000259029441063041,182474.05529206,313.978854251446,128.119682702935,7.23336890309201,324.887166727437,-2.49893436187452e-06,-2.49893436187452e-06,2.62329676098589e-06,2.62329676098589e-06,0,0,0,0,0,0,0,1.50702572932561,4.68767039270592,6.19469612203153,6.67735426062926e-06
90,0.00807121689949935,0.0040480730267183,-8.72768990176116e-11,0.000887159740531597,-0.00176885667523078,6.20217131337053e-06,50050,1046,2.1,2.20825765841365e-05,0.0119276027856652,6.83913005255852e-06,0.0359795528358153,8.50134165995809e-06,0.000160206820464261,0.000259029504168562,216288.772372358,68.0442924681999,126.685002510746,7.57041024943019,77.6260761023343,-2.62288783893792e-06,-2.62288783893792e-06,2.63103312609741e-06,2.63103312609741e-06,0,0,0,0,0,0,0,1.51250645087359,4.6922597615399,6.2047662124135,1.08133887591987e-05
91,0.0080712312689873,0.0040480696651137,-1.03576922503556e-10,0.000897015182338522,-0.00178851156139496,6.41278512281804e-06,50050,1054,2.1,2.20857324466844e-05,0.0119203388863799,6.91709576763846e-06,0.0359795501132846,8.5293064714893e-06,0.000169007898047248,0.00025902956526036,255604.216208696,325.814855672321,125.281853652823,7.83426099361777,336.86387388629,-2.74302763729738e-06,-2.74302763729738e-06,2.64369220337647e-06,2.64369220337647e-06,0,0,0,0,0,0,0,1.51812700354681,4.69697769119612,6.21510469474293,1.14638563001697e-05
92,0.00807124611456935,0.00404806618830852,-1.21271494027125e-10,0.000906870518471044,-0.00180816649844407,6.6280824206389e-06,50050,1042,2.1,2.20889939077256e-05,0.0119130883619006,6.96688356934781e-06,0.0359795473465567,8.54391701988175e-06,0.00017799615444599,0.000259029624147145,345075.131628085,92.5767642245498,123.909207926161,8.42149493074065,125.629899743821,-2.8662363492116e-06,-2.8662363492116e-06,2.6331469435773e-06,2.6331469435773e-06,0,0,0,0,0,0,0,1.52388833316175,4.70182601020007,6.22571434336182,-5.62253031127099e-06
93,0.00807126144669301,0.00404806259375501,-1.40438808361813e-10,0.000916725745408717,-0.00182782148804796,6.84811394755996e-06,50050,1056,2.1,2.20923603409352e-05,0.0119058509090127,7.07903043286959e-06,0.035979544579554,8.52471938352813e-06,0.000187141675500417,0.000259029680669931,467531.221062209,153.535572674976,122.566081351116,8.44777239099493,93341.6908859011,-2.97488335201555e-06,-2.97488335201555e-06,2.65330358211526e-06,2.65330358211526e-06,0,0,0,0,0,0,0,1.52979133678968,4.70680649686221,6.23659783365189,1.85197314639973e-05
94,0.00807127727591922,0.00404805887887892,-1.61159994088011e-10,0.000926580859554274,-0.00184747653191265,7.0729304227952e-06,50050,1046,2.1,2.20958309697106e-05,0.011898626311228,7.10923311898048e-06,0.0359795417904352,8.51034806604805e-06,0.000196447572518439,0.000259029734698935,1123581.69965874,99.2489143061094,121.251531819086,7.17861034310921,35477.8801057263,-3.09493689927326e-06,-3.09493689927326e-06,2.61298546535459e-06,2.61298546535459e-06,0,0,0,0,0,0,0,1.53583683600151,4.71192088431665,6.24775772031816,-6.52276563763319e-06
95,0.0080712936129223,0.00404805504107956,-1.83519181361296e-10,0.000936435857232828,-0.00186713163178069,7.30258254393662e-06,50050,1050,2.1,2.20994049048464e-05,0.0118914141441501,7.19326895752757e-06,0.0359795389746144,8.53409418902617e-06,0.000205887519553874,0.000259029786102816,6711359.20178341,148.392426139408,119.964656888776,7.21141742660929,420.018657369079,-3.19013013188647e-06,-3.19013013188647e-06,2.66021908075959e-06,2.66021908075959e-06,0,0,0,0,0,0,0,1.54202561335683,4.71717083499966,6.25919644835649,-2.49803403045455e-05
96,0.00807131046848992,0.00404805107772989,-2.07603569977437e-10,0.000946290734691061,-0.00188678678943155,7.53712098684859e-06,50050,1054,2.1,2.21030811453661e-05,0.0118842139909427,7.26098398819259e-06,0.035979536135718,8.55277037062206e-06,0.000215449556015185,0.000259029834764335,672211.990565894,78.6908606176247,118.704591720172,7.42068098780655,96.9715673511481,-3.30288293113863e-06,-3.30288293113863e-06,2.61814539044011e-06,2.61814539044011e-06,0,0,0,0,0,0,0,1.54835836721532,4.7225579604285,6.27091632764382,2.99122705382537e-06
97,0.0080713278535231,0.0040480469861765,-2.33503498475704e-10,0.000956145488096422,-0.00190644200668197,7.77659640556653e-06,50050,1054,2.1,2.21068585883037e-05,0.0118770253639082,7.30900099918832e-06,0.035979533265035,8.57030429732251e-06,0.0002251193055813,0.000259029880573358,332478.162412105,297.651059098388,117.470507136323,9.8190417576978,32958.111232016,-3.39713734541378e-06,-3.39713734541378e-06,2.6200846839248e-06,2.6200846839248e-06,0,0,0,0,0,0,0,1.55483574102018,4.72808380186542,6.2829195428856,-2.38769580863862e-06
98,0.00807134577903614,0.00404804276373969,-2.61312513575492e-10,0.000966000113536323,-0.00192609728538639,8.02105943219921e-06,50050,1042,2.1,2.21107360370746e-05,0.0118698477415817,7.35375748946869e-06,0.03597953036758,8.56887610086468e-06,0.000234885321874885,0.000259029923430742,228328.925237727,52.3563041441833,116.261607803782,19.1866255940451,91.8836983134626,-3.49264599937396e-06,-3.49264599937396e-06,2.61165324018733e-06,2.61165324018733e-06,0,0,0,0,0,0,0,1.56145831851154,4.73374982991103,6.29520814842257,-2.44978222607644e-05
99,0.00807136425615662,0.00404803840771352,-2.91127440967319e-10,0.000975854607017339,-0.00194575262743727,8.2705606768364e-06,50050,1056,2.1,2.21147122108461e-05,0.0118626804263618,7.46673061790889e-06,0.0359795274900309,8.55119305069166e-06,0.000244719351741027,0.000259029963248225,162199.088701631,297.652828754662,115.077130523332,1328.66536824467,305.130488644703,-3.57750977279591e-06,-3.57750977279591e-06,2.62342185294856e-06,2.62342185294856e-06,0,0,0,0,0,0,0,1.5682266245049,4.73955743981829,6.3077840643232,2.10143491823278e-05
